{"cameraMode":{"drawMode":0,"name":"Shaded","section":"Shading Mode"},"sceneLighting":false,"audioPlay":false,"sceneViewState":{"m_AlwaysRefresh":false,"showFog":true,"showSkybox":true,"showFlares":true,"showImageEffects":true,"showParticleSystems":true,"showVisualEffectGraphs":true,"m_FxEnabled":true},"in2DMode":false,"pivot":{"x":53.359867095947269,"y":50.70296859741211,"z":33.522483825683597},"rotation":{"x":0.0053405542857944969,"y":-0.9542505741119385,"z":0.01805645041167736,"w":0.2991976737976074},"size":3.2435407638549806,"orthographic":false}